Id,Nombre,Apellido,Matricula
0,Manuel,Mendoza,21530324
1,20210930,193915,167.24740
3,20210930,193917,29.3622374
3,20210930,193917,29.3622374
